movie_id,movie_name,genre,language,director,lead_actor,runtime,release_date,ott_release,budget_cr,box_office_cr,imdb_rating,certificate,production_house,status,popularity_score
1,Final Storm,Romance,Malayalam,Lokesh Kanagaraj,Ryan Reynolds,187,9/12/2023,11/11/2023,66,358.56,8.6,A,T-Series,Running,85
2,Golden Empire,Horror,Telugu,James Cameron,Cillian Murphy,135,12/23/2023,2/21/2024,310,521.5,7.2,UA,T-Series,Completed,58
3,Infinite Kingdom,Family,Tamil,Atlee,Ram Charan,164,5/24/2023,7/23/2023,226,605.2,6.4,U,Red Chillies Entertainment,Running,30
4,Silent Kingdom,Thriller,Hindi,Sukumar,Ryan Reynolds,118,9/4/2023,11/3/2023,69,119.13,8.8,UA,Red Chillies Entertainment,Running,86
5,Last Kingdom,Action,English,S. S. Rajamouli,Prabhas,181,11/19/2025,1/18/2026,265,955.97,6.7,A,Warner Bros,Completed,38
6,Lost Revenge,Action,Kannada,Sukumar,Ryan Reynolds,156,9/25/2024,11/24/2024,61,346.18,7.2,U,Universal Pictures,Completed,62
7,Final Dream,Drama,Tamil,Shawn Levy,Ram Charan,161,11/25/2023,1/24/2024,91,528.46,9.4,U,Marvel Studios,Running,93
8,Hidden Dream,Action,Tamil,James Cameron,Margot Robbie,95,6/3/2024,8/2/2024,41,141.61,9.3,UA,Hombale Films,Upcoming,92
9,Infinite Journey,Action,Hindi,Rajkumar Hirani,Keanu Reeves,186,12/19/2023,2/17/2024,219,678.34,5.6,UA,Universal Pictures,Completed,53
10,Broken Chronicles,Action,Telugu,Shawn Levy,Cillian Murphy,157,7/17/2025,9/15/2025,366,415.23,5.6,UA,Disney,Upcoming,33
11,Last Journey,Romance,Malayalam,Atlee,Prabhas,141,3/20/2025,5/19/2025,263,194.85,7.2,UA,Mythri Movie Makers,Running,72
12,Royal Destiny,Action,Hindi,Sandeep Reddy Vanga,Cillian Murphy,137,8/16/2025,10/15/2025,153,906.14,6.2,A,Disney,Running,32
13,Royal Mission,Crime,Hindi,Atlee,Vijay,165,3/27/2023,5/26/2023,313,815.85,6.6,A,T-Series,Running,48
14,Silent War,Thriller,Malayalam,Greta Gerwig,Shah Rukh Khan,175,1/21/2023,3/22/2023,146,200.61,7.1,U,T-Series,Completed,68
15,Broken Kingdom,Crime,Kannada,Prashanth Neel,Allu Arjun,174,3/17/2025,5/16/2025,382,2013.8,7.5,A,Mythri Movie Makers,Completed,56
16,Shadow Journey,Sci-Fi,Hindi,S. S. Rajamouli,Ram Charan,134,1/8/2024,3/8/2024,322,1405.0,7.7,U,Marvel Studios,Completed,55
17,Hidden Kingdom,Family,Malayalam,S. S. Rajamouli,Prabhas,147,4/24/2023,6/23/2023,195,314.19,7.4,A,Yash Raj Films,Running,57
18,Royal Revenge,Drama,Malayalam,Sukumar,Keanu Reeves,145,4/23/2024,6/22/2024,119,518.27,7.9,A,Red Chillies Entertainment,Upcoming,61
19,Silent Code,Animation,Tamil,Christopher Nolan,Cillian Murphy,150,5/20/2023,7/19/2023,325,303.05,7.3,UA,T-Series,Running,62
20,Eternal Code,Crime,Hindi,Shawn Levy,Vijay,98,11/27/2025,1/26/2026,394,2261.26,5.9,UA,T-Series,Upcoming,46
21,Golden Destiny,Horror,Hindi,Rajkumar Hirani,Keanu Reeves,117,1/19/2024,3/19/2024,324,413.06,6.8,U,Marvel Studios,Running,49
22,Dark Dream,Horror,Tamil,Greta Gerwig,Margot Robbie,121,5/28/2023,7/27/2023,94,231.04,5.7,UA,Hombale Films,Running,30
23,Shadow Legacy,Sci-Fi,English,S. S. Rajamouli,Margot Robbie,177,12/4/2025,2/2/2026,240,1332.8,9.2,A,Dharma Productions,Upcoming,98
24,Shadow Destiny,Drama,Telugu,Christopher Nolan,Ram Charan,149,11/26/2025,1/25/2026,33,23.15,8.0,A,Warner Bros,Upcoming,78
25,Dark Revenge,Sci-Fi,Kannada,Atlee,Ranbir Kapoor,145,3/3/2024,5/2/2024,335,896.91,6.3,A,Warner Bros,Running,52
26,Golden Revenge,Crime,Telugu,S. S. Rajamouli,Ryan Reynolds,187,1/8/2024,3/8/2024,380,1112.2,8.4,U,Hombale Films,Completed,85
27,Silent War,Horror,Telugu,Nag Ashwin,Ryan Reynolds,132,12/21/2023,2/19/2024,149,417.79,9.1,U,Warner Bros,Running,98
28,Infinite Chronicles,Sci-Fi,Kannada,Shawn Levy,Margot Robbie,145,10/1/2024,11/30/2024,45,247.12,7.9,U,Red Chillies Entertainment,Running,68
29,Silent Storm,Action,Malayalam,Sandeep Reddy Vanga,Cillian Murphy,187,9/22/2024,11/21/2024,103,277.39,7.4,U,Marvel Studios,Upcoming,62
30,Hidden Dream,Sci-Fi,Kannada,S. S. Rajamouli,Prabhas,110,5/16/2025,7/15/2025,261,1454.28,6.2,A,Yash Raj Films,Running,44
31,Hidden Kingdom,Drama,Telugu,Greta Gerwig,Prabhas,129,1/1/2023,3/2/2023,63,41.89,6.5,UA,Marvel Studios,Upcoming,48
32,Last Kingdom,Animation,Tamil,Atlee,Ram Charan,108,8/7/2025,10/6/2025,321,1603.75,9.3,U,Hombale Films,Upcoming,94
33,Hidden Journey,Family,Kannada,Nag Ashwin,Ranbir Kapoor,173,5/17/2025,7/16/2025,319,912.91,9.2,A,Marvel Studios,Running,90
34,Golden Mission,Family,English,Lokesh Kanagaraj,Margot Robbie,97,7/9/2025,9/7/2025,293,868.79,7.3,U,Marvel Studios,Upcoming,60
35,Silent Storm,Comedy,Hindi,Christopher Nolan,Allu Arjun,175,1/25/2025,3/26/2025,117,658.61,6.6,U,Disney,Completed,52
36,Dark Mission,Action,Hindi,Prashanth Neel,Ram Charan,123,5/10/2023,7/9/2023,291,1171.48,6.1,U,Hombale Films,Running,43
37,Royal Storm,Horror,Telugu,Prashanth Neel,Tom Cruise,133,5/5/2024,7/4/2024,378,1496.21,9.4,U,Warner Bros,Completed,95
38,Dark Dream,Crime,Hindi,Sukumar,Yash,137,3/2/2023,5/1/2023,387,1150.89,5.9,UA,Marvel Studios,Completed,38
39,Shadow Revenge,Family,Hindi,Christopher Nolan,Margot Robbie,138,2/5/2025,4/6/2025,138,351.4,6.6,A,Hombale Films,Running,34
40,Hidden Storm,Crime,Malayalam,Greta Gerwig,Cillian Murphy,125,6/16/2025,8/15/2025,131,253.4,7.9,A,T-Series,Running,61
41,Royal Dream,Comedy,Kannada,Prashanth Neel,Margot Robbie,148,10/5/2023,12/4/2023,287,1377.01,8.2,A,Universal Pictures,Completed,87
42,Eternal Revenge,Action,Malayalam,Prashanth Neel,Ryan Reynolds,104,3/3/2025,5/2/2025,75,338.18,6.4,UA,Yash Raj Films,Running,40
43,Infinite Journey,Family,Malayalam,Nag Ashwin,Ryan Reynolds,111,5/13/2024,7/12/2024,173,646.32,9.3,UA,Hombale Films,Completed,91
44,Golden Destiny,Romance,Tamil,Sandeep Reddy Vanga,Ranbir Kapoor,134,9/17/2025,11/16/2025,84,104.13,5.6,UA,Universal Pictures,Running,32
45,Broken Mission,Crime,Kannada,Greta Gerwig,Ranbir Kapoor,157,9/1/2023,10/31/2023,89,421.25,6.3,A,Universal Pictures,Completed,42
46,Dark Mission,Comedy,Telugu,Atlee,Ram Charan,150,12/8/2023,2/6/2024,211,447.4,5.9,U,Warner Bros,Running,33
47,Silent Empire,Animation,English,Lokesh Kanagaraj,Ram Charan,119,3/25/2025,5/24/2025,268,708.87,8.8,A,Yash Raj Films,Running,80
48,Infinite Mission,Action,English,Sukumar,Ranbir Kapoor,103,8/9/2024,10/8/2024,328,988.72,8.4,A,Hombale Films,Completed,88
49,Infinite Chronicles,Comedy,Kannada,Rajkumar Hirani,Cillian Murphy,183,10/25/2025,12/24/2025,236,1267.42,8.7,U,Disney,Completed,80
50,Silent Empire,Animation,Malayalam,Rajkumar Hirani,Prabhas,151,5/28/2023,7/27/2023,346,1348.68,7.9,UA,Yash Raj Films,Upcoming,74
51,Royal Code,Drama,Tamil,Greta Gerwig,Prabhas,115,3/23/2024,5/22/2024,246,967.82,7.8,U,Marvel Studios,Completed,63
52,Infinite Journey,Thriller,Malayalam,Shawn Levy,Margot Robbie,179,7/15/2023,9/13/2023,162,517.26,7.0,UA,Dharma Productions,Completed,56
53,Last Storm,Drama,Kannada,James Cameron,Ram Charan,130,5/26/2025,7/25/2025,217,733.57,6.7,A,Disney,Running,53
54,Royal Storm,Crime,Telugu,Christopher Nolan,Keanu Reeves,102,12/1/2025,1/30/2026,215,953.96,7.5,UA,Warner Bros,Upcoming,69
55,Golden Empire,Crime,Telugu,Christopher Nolan,Cillian Murphy,132,7/9/2024,9/7/2024,217,230.4,9.2,A,Marvel Studios,Completed,98
56,Shadow Dream,Horror,English,James Cameron,Keanu Reeves,166,8/8/2023,10/7/2023,158,499.7,7.0,UA,T-Series,Running,58
57,Infinite Code,Comedy,Hindi,Atlee,Cillian Murphy,104,2/18/2025,4/19/2025,290,777.45,6.0,U,Yash Raj Films,Upcoming,42
58,Broken Kingdom,Animation,English,Sandeep Reddy Vanga,Allu Arjun,118,9/7/2023,11/6/2023,98,144.95,5.8,U,Universal Pictures,Upcoming,32
59,Lost War,Crime,Malayalam,S. S. Rajamouli,Ranbir Kapoor,151,9/25/2025,11/24/2025,133,336.91,8.4,U,Dharma Productions,Running,83
60,Dark Legacy,Romance,Malayalam,Rajkumar Hirani,Keanu Reeves,101,7/3/2024,9/1/2024,51,71.38,5.8,U,Dharma Productions,Upcoming,39
61,Dark Destiny,Sci-Fi,Kannada,Christopher Nolan,Margot Robbie,126,5/22/2023,7/21/2023,132,566.85,7.5,U,Yash Raj Films,Running,74
62,Infinite Journey,Comedy,Hindi,S. S. Rajamouli,Vijay,116,8/6/2023,10/5/2023,60,219.79,6.1,U,Red Chillies Entertainment,Upcoming,41
63,Dark Dream,Thriller,Tamil,Rajkumar Hirani,Prabhas,150,8/26/2024,10/25/2024,168,842.86,7.6,U,Marvel Studios,Running,73
64,Lost War,Crime,Telugu,Prashanth Neel,Ranbir Kapoor,170,6/5/2024,8/4/2024,269,924.88,9.1,UA,Dharma Productions,Completed,93
65,Shadow Code,Sci-Fi,Kannada,Prashanth Neel,Ryan Reynolds,107,7/16/2025,9/14/2025,306,616.46,9.1,A,Disney,Upcoming,91
66,Royal Code,Animation,Malayalam,Shawn Levy,Ram Charan,125,9/3/2025,11/2/2025,168,348.1,7.0,UA,Disney,Running,56
67,Golden Code,Action,Kannada,Sukumar,Cillian Murphy,115,5/24/2023,7/23/2023,155,701.24,7.9,U,Marvel Studios,Running,62
68,Hidden Dream,Family,Telugu,S. S. Rajamouli,Cillian Murphy,161,8/8/2025,10/7/2025,392,999.98,8.1,A,Disney,Completed,87
69,Broken Storm,Action,Hindi,Lokesh Kanagaraj,Vijay,166,7/14/2025,9/12/2025,254,417.1,9.5,U,Yash Raj Films,Running,94
70,Dark Mission,Crime,Malayalam,Lokesh Kanagaraj,Margot Robbie,166,6/21/2023,8/20/2023,120,396.77,8.7,U,Warner Bros,Completed,76
71,Lost Kingdom,Thriller,Hindi,S. S. Rajamouli,Shah Rukh Khan,170,5/25/2025,7/24/2025,378,903.88,9.4,U,Universal Pictures,Upcoming,93
72,Dark Kingdom,Animation,Telugu,Lokesh Kanagaraj,Shah Rukh Khan,149,11/4/2025,1/3/2026,238,348.39,6.4,U,T-Series,Running,33
73,Lost War,Sci-Fi,Malayalam,James Cameron,Ryan Reynolds,122,6/16/2025,8/15/2025,198,163.1,8.7,U,Yash Raj Films,Running,81
74,Hidden Kingdom,Horror,Malayalam,Shawn Levy,Ryan Reynolds,188,9/17/2023,11/16/2023,274,964.6,8.0,A,Mythri Movie Makers,Completed,79
75,Lost Dream,Comedy,Kannada,Nag Ashwin,Ryan Reynolds,159,6/22/2023,8/21/2023,176,173.49,6.6,A,Yash Raj Films,Running,44
76,Hidden Destiny,Thriller,Malayalam,Greta Gerwig,Keanu Reeves,116,9/9/2025,11/8/2025,318,1347.14,7.0,A,Universal Pictures,Upcoming,66
77,Shadow Empire,Crime,Tamil,S. S. Rajamouli,Keanu Reeves,144,12/9/2025,2/7/2026,293,737.99,6.2,UA,Warner Bros,Completed,35
78,Broken Mission,Thriller,Kannada,Christopher Nolan,Ryan Reynolds,163,12/11/2023,2/9/2024,134,283.54,6.6,A,Yash Raj Films,Running,41
79,Eternal Legacy,Action,English,Atlee,Margot Robbie,130,5/1/2024,6/30/2024,247,1311.67,6.3,U,Mythri Movie Makers,Running,41
80,Final Storm,Sci-Fi,Kannada,James Cameron,Ram Charan,99,10/25/2023,12/24/2023,263,1357.11,6.7,A,Hombale Films,Completed,36
81,Dark Revenge,Romance,Tamil,Lokesh Kanagaraj,Ram Charan,138,11/21/2023,1/20/2024,127,152.71,6.7,U,Red Chillies Entertainment,Completed,51
82,Royal Storm,Thriller,Malayalam,James Cameron,Shah Rukh Khan,185,5/16/2025,7/15/2025,393,1474.19,6.2,UA,Universal Pictures,Running,38
83,Broken Legacy,Horror,Hindi,Lokesh Kanagaraj,Shah Rukh Khan,101,12/13/2024,2/11/2025,242,888.35,8.3,UA,Mythri Movie Makers,Upcoming,86
84,Eternal Legacy,Horror,Malayalam,Shawn Levy,Prabhas,97,6/5/2025,8/4/2025,369,1180.75,9.1,U,T-Series,Running,100
85,Infinite Code,Crime,Hindi,S. S. Rajamouli,Margot Robbie,155,2/22/2023,4/23/2023,393,464.81,8.9,UA,Yash Raj Films,Upcoming,85
86,Broken Revenge,Drama,Telugu,Atlee,Yash,114,2/27/2024,4/27/2024,118,349.21,6.5,UA,T-Series,Running,32
87,Final Journey,Crime,Tamil,Shawn Levy,Yash,95,11/17/2023,1/16/2024,135,405.7,8.8,A,Disney,Completed,84
88,Hidden Mission,Romance,Malayalam,Atlee,Cillian Murphy,161,5/8/2024,7/7/2024,278,1069.34,7.0,UA,Warner Bros,Completed,60
89,Broken War,Action,Telugu,Sandeep Reddy Vanga,Vijay,131,5/20/2024,7/19/2024,44,61.2,5.9,U,Dharma Productions,Completed,47
90,Dark Legacy,Comedy,English,Christopher Nolan,Vijay,153,10/17/2023,12/16/2023,146,572.44,7.6,U,Disney,Upcoming,62
91,Royal Legacy,Comedy,Telugu,James Cameron,Margot Robbie,118,1/5/2025,3/6/2025,306,1108.13,8.2,UA,Yash Raj Films,Upcoming,77
92,Hidden War,Action,Tamil,S. S. Rajamouli,Tom Cruise,123,7/22/2025,9/20/2025,37,197.44,8.4,A,Yash Raj Films,Running,82
93,Silent Destiny,Thriller,Hindi,Shawn Levy,Allu Arjun,173,8/2/2024,10/1/2024,317,1463.49,5.7,U,T-Series,Completed,42
94,Last Storm,Animation,Malayalam,Lokesh Kanagaraj,Cillian Murphy,146,1/3/2024,3/3/2024,247,1095.7,7.6,U,Red Chillies Entertainment,Running,63
95,Hidden Revenge,Thriller,English,Lokesh Kanagaraj,Ranbir Kapoor,109,6/11/2023,8/10/2023,104,574.45,8.2,U,Red Chillies Entertainment,Upcoming,89
96,Infinite Legacy,Sci-Fi,English,Nag Ashwin,Cillian Murphy,162,9/4/2024,11/3/2024,383,365.64,7.0,U,Yash Raj Films,Upcoming,72
97,Hidden Legacy,Crime,Kannada,S. S. Rajamouli,Cillian Murphy,128,6/20/2023,8/19/2023,184,881.86,8.4,UA,Marvel Studios,Completed,78
98,Infinite Empire,Sci-Fi,Telugu,Christopher Nolan,Tom Cruise,125,1/25/2024,3/25/2024,270,1113.44,6.7,A,Warner Bros,Completed,51
99,Shadow Destiny,Horror,Hindi,Atlee,Tom Cruise,153,12/23/2024,2/21/2025,143,273.39,5.7,U,Mythri Movie Makers,Upcoming,40
100,Lost Dream,Crime,English,Christopher Nolan,Yash,146,3/19/2023,5/18/2023,157,738.89,8.0,U,Hombale Films,Upcoming,88
101,Broken Journey,Thriller,Kannada,Rajkumar Hirani,Allu Arjun,127,8/14/2023,10/13/2023,202,1204.27,8.5,U,Red Chillies Entertainment,Upcoming,87
102,Shadow Revenge,Thriller,Telugu,Sandeep Reddy Vanga,Margot Robbie,160,6/19/2024,8/18/2024,95,285.66,9.0,UA,Marvel Studios,Completed,90
103,Broken War,Romance,Malayalam,Rajkumar Hirani,Keanu Reeves,111,2/6/2025,4/7/2025,132,226.64,8.8,U,Disney,Upcoming,78
104,Final Mission,Action,Malayalam,James Cameron,Tom Cruise,152,2/16/2023,4/17/2023,114,107.0,9.2,A,T-Series,Upcoming,90
105,Silent Revenge,Animation,English,S. S. Rajamouli,Allu Arjun,170,12/26/2025,2/24/2026,372,505.38,8.0,UA,Dharma Productions,Completed,87
106,Royal Destiny,Romance,Hindi,Atlee,Vijay,176,2/3/2025,4/4/2025,329,590.05,7.1,U,Universal Pictures,Running,65
107,Broken Revenge,Family,Telugu,Sandeep Reddy Vanga,Yash,164,8/7/2023,10/6/2023,145,788.8,5.8,U,Hombale Films,Running,42
108,Lost Destiny,Family,Malayalam,Lokesh Kanagaraj,Yash,154,6/11/2023,8/10/2023,230,221.36,6.6,UA,Dharma Productions,Running,38
109,Last Chronicles,Romance,Hindi,Prashanth Neel,Prabhas,129,5/18/2025,7/17/2025,170,536.13,6.1,A,Mythri Movie Makers,Upcoming,32
110,Golden Code,Crime,Telugu,Sandeep Reddy Vanga,Ryan Reynolds,152,1/2/2024,3/2/2024,47,39.41,7.7,A,Disney,Upcoming,61
111,Royal War,Sci-Fi,Malayalam,Shawn Levy,Cillian Murphy,112,4/2/2024,6/1/2024,116,175.91,7.4,U,Red Chillies Entertainment,Completed,73
112,Infinite Chronicles,Crime,Malayalam,Rajkumar Hirani,Cillian Murphy,179,10/20/2024,12/19/2024,377,1465.84,6.0,UA,Yash Raj Films,Running,52
113,Eternal Dream,Thriller,Malayalam,Shawn Levy,Margot Robbie,188,4/23/2025,6/22/2025,360,1613.33,7.7,U,Hombale Films,Running,65
114,Golden Destiny,Drama,Telugu,Atlee,Cillian Murphy,153,1/21/2024,3/21/2024,84,436.5,8.0,U,Mythri Movie Makers,Completed,78
115,Golden Empire,Action,Hindi,Rajkumar Hirani,Yash,172,2/6/2024,4/6/2024,33,84.03,6.1,U,T-Series,Running,50
116,Hidden Mission,Romance,Malayalam,Rajkumar Hirani,Yash,150,4/4/2024,6/3/2024,83,314.21,5.6,U,Mythri Movie Makers,Completed,45
117,Lost Legacy,Action,Kannada,S. S. Rajamouli,Tom Cruise,190,3/9/2025,5/8/2025,176,922.58,5.8,A,Disney,Running,42
118,Broken Empire,Comedy,Telugu,Sukumar,Ranbir Kapoor,128,12/28/2023,2/26/2024,357,1900.32,6.0,U,Warner Bros,Running,50
119,Shadow Dream,Romance,Kannada,Christopher Nolan,Ram Charan,113,12/7/2025,2/5/2026,126,544.43,6.5,A,Marvel Studios,Completed,44
120,Silent Mission,Drama,Malayalam,Rajkumar Hirani,Ryan Reynolds,123,5/8/2024,7/7/2024,213,1071.9,7.2,A,Universal Pictures,Completed,59
121,Broken War,Crime,Hindi,Sukumar,Keanu Reeves,159,12/20/2023,2/18/2024,359,1204.34,6.5,A,Red Chillies Entertainment,Upcoming,38
122,Hidden Legacy,Sci-Fi,Tamil,Shawn Levy,Ryan Reynolds,150,10/12/2023,12/11/2023,105,270.34,9.1,UA,Warner Bros,Running,92
123,Hidden Code,Crime,Malayalam,Sukumar,Vijay,128,5/8/2025,7/7/2025,194,377.68,6.3,A,Warner Bros,Completed,37
124,Broken Dream,Crime,Telugu,Atlee,Margot Robbie,173,11/10/2025,1/9/2026,206,594.03,9.1,U,Universal Pictures,Upcoming,98
125,Golden Legacy,Thriller,Tamil,Nag Ashwin,Ryan Reynolds,185,1/21/2025,3/22/2025,374,991.35,6.1,UA,T-Series,Running,47
126,Shadow Empire,Comedy,Kannada,Sandeep Reddy Vanga,Keanu Reeves,174,3/6/2025,5/5/2025,84,258.82,8.1,UA,Marvel Studios,Upcoming,79
127,Dark Revenge,Drama,English,Lokesh Kanagaraj,Prabhas,182,10/8/2023,12/7/2023,110,600.57,7.1,U,Yash Raj Films,Completed,73
128,Hidden Dream,Family,Hindi,Lokesh Kanagaraj,Ryan Reynolds,185,8/15/2025,10/14/2025,54,36.48,5.9,U,Red Chillies Entertainment,Upcoming,43
129,Golden Dream,Romance,Tamil,S. S. Rajamouli,Shah Rukh Khan,123,4/17/2023,6/16/2023,211,815.93,7.1,UA,Red Chillies Entertainment,Completed,73
130,Hidden Mission,Family,Hindi,Sukumar,Keanu Reeves,119,11/20/2025,1/19/2026,188,1084.0,9.1,U,Red Chillies Entertainment,Completed,96
131,Last Legacy,Thriller,English,Lokesh Kanagaraj,Prabhas,187,4/1/2024,5/31/2024,177,1008.57,7.2,UA,Mythri Movie Makers,Upcoming,66
132,Royal Journey,Action,English,Lokesh Kanagaraj,Cillian Murphy,111,7/10/2025,9/8/2025,302,1718.4,8.8,U,Yash Raj Films,Completed,78
133,Silent War,Sci-Fi,Tamil,Rajkumar Hirani,Allu Arjun,153,9/21/2025,11/20/2025,85,404.91,9.1,A,Red Chillies Entertainment,Upcoming,92
134,Eternal Kingdom,Sci-Fi,Malayalam,Sandeep Reddy Vanga,Ranbir Kapoor,176,7/7/2023,9/5/2023,341,1766.45,9.2,U,Dharma Productions,Upcoming,98
135,Final Chronicles,Drama,Hindi,Nag Ashwin,Ryan Reynolds,99,11/17/2025,1/16/2026,126,560.34,9.2,UA,Disney,Running,97
136,Hidden Code,Romance,Tamil,Christopher Nolan,Allu Arjun,175,11/20/2025,1/19/2026,84,122.15,6.6,UA,Dharma Productions,Completed,32
137,Eternal Destiny,Animation,Tamil,Atlee,Yash,182,2/8/2024,4/8/2024,341,1150.18,5.5,UA,Mythri Movie Makers,Running,54
138,Final Journey,Comedy,Hindi,Nag Ashwin,Ranbir Kapoor,189,5/3/2023,7/2/2023,395,493.22,7.2,A,Marvel Studios,Upcoming,56
139,Silent Code,Action,English,Sandeep Reddy Vanga,Margot Robbie,182,10/11/2025,12/10/2025,134,759.32,8.0,U,Marvel Studios,Upcoming,88
140,Shadow Revenge,Crime,Telugu,Rajkumar Hirani,Shah Rukh Khan,162,5/26/2025,7/25/2025,260,1488.04,8.6,U,Mythri Movie Makers,Completed,76
141,Shadow Code,Thriller,English,Rajkumar Hirani,Vijay,148,6/2/2023,8/1/2023,120,689.85,8.8,UA,Disney,Upcoming,77
142,Final War,Sci-Fi,Telugu,Prashanth Neel,Shah Rukh Khan,167,11/21/2023,1/20/2024,202,1115.17,8.6,UA,Marvel Studios,Completed,85
143,Final Chronicles,Sci-Fi,Malayalam,Shawn Levy,Yash,135,10/6/2024,12/5/2024,51,273.41,5.6,A,Marvel Studios,Upcoming,35
144,Silent Code,Sci-Fi,Malayalam,James Cameron,Ranbir Kapoor,185,5/1/2025,6/30/2025,258,637.99,9.1,A,Marvel Studios,Running,100
145,Royal Chronicles,Horror,Telugu,Greta Gerwig,Tom Cruise,173,3/17/2024,5/16/2024,235,620.14,6.7,UA,Mythri Movie Makers,Running,43
146,Last Code,Family,Kannada,James Cameron,Ram Charan,126,12/17/2025,2/15/2026,49,71.1,8.1,UA,Dharma Productions,Running,84
147,Hidden Destiny,Romance,Tamil,James Cameron,Vijay,181,1/4/2023,3/5/2023,245,711.42,6.1,UA,Red Chillies Entertainment,Completed,32
148,Lost Chronicles,Romance,Hindi,Lokesh Kanagaraj,Ram Charan,188,6/6/2023,8/5/2023,67,370.49,8.8,A,Yash Raj Films,Upcoming,81
149,Lost Dream,Sci-Fi,Hindi,Rajkumar Hirani,Ranbir Kapoor,185,6/18/2025,8/17/2025,328,830.44,8.5,UA,Dharma Productions,Running,81
150,Silent Chronicles,Horror,Hindi,Prashanth Neel,Prabhas,145,10/3/2025,12/2/2025,94,532.38,6.0,A,Red Chillies Entertainment,Running,49
