screen_id,theatre_id,screen_number,screen_type,seat_capacity
1,1,1,3D,173
2,1,2,3D,201
3,1,3,2D,193
4,1,4,3D,239
5,1,5,2D,234
6,1,6,2D,191
7,1,7,2D,244
8,2,1,3D,195
9,2,2,3D,239
10,2,3,2D,237
11,2,4,2D,180
12,3,1,3D,190
13,3,2,3D,213
14,3,3,2D,207
15,3,4,4DX,193
16,3,5,2D,228
17,3,6,2D,224
18,4,1,3D,175
19,4,2,3D,238
20,4,3,2D,228
21,4,4,2D,217
22,4,5,IMAX,372
23,4,6,2D,188
24,4,7,2D,209
25,4,8,3D,180
26,4,9,IMAX,305
27,5,1,2D,238
28,5,2,3D,216
29,5,3,2D,225
30,5,4,2D,214
31,5,5,3D,179
32,6,1,3D,191
33,6,2,2D,211
34,6,3,2D,228
35,6,4,2D,251
36,6,5,2D,221
37,6,6,IMAX,294
38,6,7,2D,184
39,6,8,3D,221
40,7,1,2D,207
41,7,2,IMAX,360
42,7,3,2D,243
43,7,4,2D,238
44,7,5,2D,197
45,7,6,2D,251
46,7,7,2D,254
47,7,8,2D,254
48,8,1,2D,208
49,8,2,4DX,167
50,8,3,2D,191
51,8,4,3D,184
52,8,5,2D,200
53,8,6,3D,224
54,8,7,2D,229
55,8,8,2D,239
56,8,9,2D,250
57,9,1,IMAX,282
58,9,2,3D,184
59,9,3,3D,238
60,9,4,3D,213
61,9,5,2D,235
62,9,6,2D,180
63,10,1,4DX,183
64,10,2,4DX,172
65,10,3,2D,193
66,10,4,IMAX,356
67,10,5,IMAX,409
68,10,6,3D,189
69,11,1,2D,200
70,11,2,2D,247
71,11,3,IMAX,362
72,11,4,2D,194
73,11,5,4DX,189
74,12,1,2D,210
75,12,2,IMAX,300
76,12,3,2D,242
77,12,4,3D,238
78,12,5,3D,186
79,13,1,3D,240
80,13,2,2D,247
81,13,3,IMAX,388
82,13,4,4DX,219
83,13,5,3D,195
84,13,6,3D,221
85,14,1,4DX,197
86,14,2,2D,246
87,14,3,2D,211
88,14,4,2D,223
89,14,5,2D,250
90,14,6,2D,208
91,14,7,2D,260
92,14,8,2D,188
93,14,9,IMAX,364
94,15,1,2D,210
95,15,2,2D,242
96,15,3,2D,196
97,15,4,3D,230
98,15,5,2D,240
99,15,6,3D,194
100,16,1,2D,235
101,16,2,2D,232
102,16,3,2D,186
103,16,4,3D,182
104,16,5,2D,223
105,17,1,3D,183
106,17,2,2D,204
107,17,3,2D,197
108,17,4,2D,215
109,17,5,2D,189
110,17,6,2D,250
111,17,7,2D,249
112,17,8,IMAX,303
113,17,9,4DX,180
114,18,1,2D,242
115,18,2,2D,231
116,18,3,IMAX,322
117,18,4,2D,229
118,19,1,2D,238
119,19,2,2D,251
120,19,3,3D,232
121,19,4,2D,217
122,20,1,2D,187
123,20,2,2D,249
124,20,3,2D,220
125,20,4,2D,254
126,20,5,2D,247
127,20,6,2D,245
128,20,7,2D,203
129,21,1,2D,188
130,21,2,3D,200
131,21,3,2D,252
132,21,4,2D,256
133,22,1,2D,190
134,22,2,2D,254
135,22,3,2D,220
136,22,4,4DX,176
137,22,5,3D,210
138,22,6,2D,230
139,22,7,2D,218
140,23,1,2D,189
141,23,2,2D,259
142,23,3,4DX,162
143,23,4,2D,207
144,23,5,2D,196
145,23,6,4DX,158
146,24,1,IMAX,374
147,24,2,2D,236
148,24,3,IMAX,357
149,25,1,3D,237
150,25,2,2D,250
151,25,3,2D,193
152,25,4,4DX,167
153,25,5,2D,193
154,25,6,3D,189
155,25,7,2D,257
156,26,1,2D,223
157,26,2,2D,213
158,26,3,2D,212
159,26,4,IMAX,293
160,27,1,2D,234
161,27,2,IMAX,291
162,27,3,2D,196
163,27,4,3D,203
164,27,5,2D,236
165,27,6,2D,234
166,27,7,2D,194
167,27,8,2D,199
168,27,9,2D,227
169,27,10,2D,198
170,28,1,2D,185
171,28,2,2D,185
172,28,3,IMAX,333
173,28,4,3D,183
174,28,5,2D,251
175,28,6,IMAX,384
176,29,1,4DX,169
177,29,2,4DX,180
178,29,3,IMAX,325
179,29,4,IMAX,286
180,29,5,2D,222
181,29,6,3D,222
182,29,7,3D,201
183,29,8,2D,193
184,29,9,2D,184
185,29,10,IMAX,336
186,30,1,2D,238
187,30,2,2D,209
188,30,3,2D,204
189,31,1,2D,215
190,31,2,IMAX,351
191,31,3,2D,245
192,31,4,2D,248
193,31,5,2D,183
194,31,6,2D,213
195,32,1,2D,213
196,32,2,2D,256
197,32,3,2D,220
198,32,4,2D,245
199,32,5,2D,253
200,32,6,2D,185
201,33,1,3D,170
202,33,2,2D,248
203,33,3,3D,195
204,33,4,2D,188
205,33,5,4DX,192
206,33,6,3D,185
207,33,7,3D,208
208,33,8,2D,232
209,33,9,2D,217
210,33,10,2D,204
211,34,1,2D,228
212,34,2,3D,192
213,34,3,3D,208
214,34,4,2D,180
215,35,1,2D,206
216,35,2,2D,254
217,35,3,3D,211
218,36,1,2D,236
219,36,2,3D,235
220,36,3,2D,201
221,36,4,3D,206
222,36,5,2D,259
223,36,6,2D,210
224,37,1,3D,198
225,37,2,3D,188
226,37,3,2D,211
227,37,4,4DX,159
228,37,5,2D,260
229,37,6,2D,229
230,37,7,2D,211
231,37,8,2D,180
232,37,9,IMAX,307
233,38,1,3D,198
234,38,2,2D,246
235,38,3,2D,251
236,38,4,2D,195
237,38,5,2D,239
238,38,6,3D,210
239,38,7,4DX,206
240,38,8,3D,234
241,38,9,2D,250
242,38,10,2D,200
243,39,1,3D,230
244,39,2,2D,211
245,39,3,IMAX,350
246,39,4,3D,236
247,39,5,2D,210
248,39,6,2D,189
249,40,1,3D,200
250,40,2,2D,220
251,40,3,IMAX,300
252,40,4,2D,209
253,40,5,2D,199
254,40,6,3D,178
255,40,7,2D,222
256,40,8,2D,233
257,40,9,2D,233
258,41,1,2D,254
259,41,2,4DX,152
260,41,3,IMAX,377
261,41,4,2D,225
262,41,5,2D,229
263,41,6,IMAX,387
264,41,7,2D,249
265,42,1,3D,198
266,42,2,2D,214
267,42,3,2D,183
268,42,4,2D,231
269,42,5,3D,229
270,43,1,IMAX,416
271,43,2,2D,230
272,43,3,2D,183
273,44,1,2D,234
274,44,2,2D,239
275,44,3,2D,213
276,44,4,2D,207
277,44,5,2D,223
278,45,1,3D,218
279,45,2,2D,233
280,45,3,2D,190
281,45,4,2D,249
282,46,1,2D,224
283,46,2,2D,188
284,46,3,3D,175
285,47,1,3D,201
286,47,2,2D,182
287,47,3,3D,200
288,47,4,2D,194
289,47,5,2D,207
290,47,6,2D,212
291,47,7,3D,191
292,47,8,3D,184
293,48,1,3D,190
294,48,2,4DX,163
295,48,3,2D,219
296,48,4,2D,228
297,48,5,2D,205
298,48,6,2D,260
299,48,7,2D,218
300,48,8,IMAX,310
301,48,9,3D,175
302,49,1,2D,234
303,49,2,3D,178
304,49,3,2D,223
305,50,1,2D,233
306,50,2,IMAX,307
307,50,3,2D,226
308,50,4,3D,228
309,50,5,3D,225
310,50,6,2D,246
311,50,7,4DX,184
312,51,1,3D,238
313,51,2,3D,229
314,51,3,2D,255
315,51,4,2D,211
316,51,5,IMAX,302
317,51,6,2D,237
318,51,7,2D,239
319,52,1,2D,228
320,52,2,2D,243
321,52,3,IMAX,326
322,53,1,2D,225
323,53,2,3D,213
324,53,3,2D,256
325,53,4,3D,205
326,54,1,2D,246
327,54,2,4DX,160
328,54,3,2D,232
329,54,4,2D,210
330,54,5,3D,232
331,54,6,2D,182
332,54,7,2D,208
333,54,8,2D,211
334,55,1,2D,254
335,55,2,2D,250
336,55,3,2D,234
337,56,1,4DX,220
338,56,2,2D,238
339,56,3,2D,212
340,56,4,2D,204
341,56,5,2D,248
342,56,6,4DX,173
343,56,7,2D,241
344,56,8,2D,255
345,57,1,4DX,217
346,57,2,2D,192
347,57,3,IMAX,355
348,57,4,2D,202
349,57,5,2D,248
350,57,6,2D,185
351,57,7,4DX,220
352,57,8,2D,196
353,57,9,3D,232
354,58,1,2D,181
355,58,2,2D,240
356,58,3,2D,223
357,59,1,2D,186
358,59,2,2D,241
359,59,3,2D,188
360,59,4,2D,189
361,59,5,2D,186
362,59,6,2D,252
363,59,7,4DX,160
364,60,1,4DX,165
365,60,2,2D,233
366,60,3,3D,198
367,60,4,3D,218
368,61,1,2D,236
369,61,2,2D,255
370,61,3,4DX,189
371,61,4,2D,187
372,61,5,3D,182
373,62,1,4DX,176
374,62,2,3D,203
375,62,3,3D,190
376,62,4,2D,250
377,62,5,2D,180
378,62,6,2D,256
379,62,7,2D,184
380,62,8,2D,216
381,62,9,3D,228
382,63,1,2D,209
383,63,2,4DX,175
384,63,3,2D,249
385,64,1,2D,199
386,64,2,IMAX,316
387,64,3,2D,201
388,64,4,3D,206
389,64,5,2D,239
390,64,6,3D,221
391,64,7,4DX,214
392,65,1,2D,236
393,65,2,2D,185
394,65,3,IMAX,362
395,65,4,3D,173
396,65,5,2D,253
397,65,6,2D,182
398,65,7,4DX,184
399,65,8,2D,202
400,66,1,2D,236
401,66,2,IMAX,326
402,66,3,4DX,205
403,66,4,3D,232
404,66,5,4DX,210
405,66,6,2D,222
406,66,7,2D,193
407,66,8,IMAX,364
408,66,9,2D,243
409,67,1,2D,231
410,67,2,3D,240
411,67,3,2D,191
412,67,4,2D,221
413,67,5,2D,231
414,67,6,IMAX,280
415,67,7,3D,239
416,68,1,2D,186
417,68,2,2D,226
418,68,3,3D,233
419,68,4,3D,176
420,68,5,2D,250
421,68,6,2D,216
422,68,7,2D,242
423,68,8,2D,260
424,69,1,3D,200
425,69,2,3D,209
426,69,3,2D,250
427,69,4,2D,208
428,69,5,4DX,164
429,69,6,2D,195
430,69,7,3D,189
431,70,1,2D,217
432,70,2,2D,214
433,70,3,2D,241
434,70,4,4DX,181
435,70,5,2D,198
436,70,6,2D,256
437,71,1,2D,197
438,71,2,IMAX,350
439,71,3,3D,223
440,71,4,2D,244
441,71,5,2D,180
442,71,6,2D,218
443,71,7,IMAX,405
444,71,8,IMAX,394
445,72,1,2D,224
446,72,2,2D,249
447,72,3,2D,221
448,72,4,IMAX,341
449,72,5,2D,209
450,72,6,IMAX,385
451,72,7,2D,240
452,72,8,3D,218
453,73,1,2D,199
454,73,2,2D,184
455,73,3,2D,255
456,73,4,2D,192
457,73,5,IMAX,392
458,73,6,2D,238
459,73,7,2D,198
460,73,8,2D,199
461,73,9,2D,213
462,74,1,2D,230
463,74,2,3D,212
464,74,3,IMAX,416
465,74,4,2D,220
466,74,5,3D,232
467,74,6,IMAX,289
468,74,7,3D,200
469,74,8,3D,206
470,74,9,4DX,161
471,75,1,2D,192
472,75,2,3D,182
473,75,3,2D,218
474,75,4,IMAX,291
475,75,5,2D,187
476,75,6,2D,227
477,75,7,2D,211
478,75,8,2D,252
479,76,1,3D,193
480,76,2,2D,190
481,76,3,3D,218
482,76,4,3D,200
483,76,5,2D,254
484,76,6,2D,239
485,76,7,3D,228
486,76,8,2D,181
487,76,9,IMAX,399
488,76,10,IMAX,419
489,77,1,2D,236
490,77,2,4DX,188
491,77,3,3D,224
492,77,4,3D,228
493,77,5,IMAX,330
494,77,6,4DX,211
495,77,7,2D,228
496,77,8,2D,253
497,78,1,2D,217
498,78,2,2D,230
499,78,3,2D,252
500,78,4,IMAX,292
501,78,5,IMAX,407
502,79,1,IMAX,353
503,79,2,3D,199
504,79,3,3D,215
505,79,4,2D,204
506,80,1,3D,187
507,80,2,3D,175
508,80,3,2D,236
509,80,4,2D,226
510,80,5,3D,181
511,80,6,IMAX,363
512,80,7,3D,192
513,80,8,2D,249
514,80,9,IMAX,373
515,80,10,2D,214
516,81,1,IMAX,345
517,81,2,IMAX,403
518,81,3,4DX,187
519,81,4,3D,213
520,81,5,3D,229
521,81,6,4DX,168
522,81,7,3D,198
523,81,8,IMAX,381
524,81,9,4DX,196
525,82,1,2D,230
526,82,2,2D,248
527,82,3,2D,227
528,82,4,3D,203
529,82,5,2D,227
530,82,6,2D,209
531,83,1,2D,259
532,83,2,IMAX,363
533,83,3,IMAX,336
534,83,4,3D,229
535,83,5,IMAX,357
536,83,6,3D,184
537,83,7,2D,184
538,83,8,2D,243
539,84,1,2D,210
540,84,2,IMAX,314
541,84,3,2D,227
542,84,4,3D,239
543,84,5,2D,199
544,84,6,IMAX,305
545,84,7,IMAX,384
546,84,8,4DX,185
547,84,9,2D,227
548,84,10,2D,236
549,85,1,4DX,196
550,85,2,2D,227
551,85,3,2D,225
552,85,4,2D,215
553,85,5,2D,195
554,85,6,4DX,208
555,85,7,2D,207
556,85,8,3D,172
557,85,9,2D,222
558,85,10,2D,196
559,86,1,3D,196
560,86,2,2D,250
561,86,3,2D,207
562,86,4,3D,199
563,86,5,2D,198
564,86,6,3D,170
565,87,1,2D,198
566,87,2,4DX,219
567,87,3,2D,202
568,87,4,2D,183
569,87,5,2D,225
570,88,1,3D,200
571,88,2,2D,182
572,88,3,2D,186
573,88,4,2D,233
574,89,1,2D,188
575,89,2,2D,226
576,89,3,2D,193
577,89,4,2D,208
578,89,5,4DX,155
579,89,6,3D,236
580,89,7,2D,183
581,89,8,2D,241
582,89,9,IMAX,389
583,90,1,3D,232
584,90,2,3D,226
585,90,3,2D,190
586,91,1,2D,198
587,91,2,2D,215
588,91,3,3D,240
589,91,4,3D,218
590,91,5,4DX,217
591,91,6,2D,244
592,91,7,3D,182
593,91,8,3D,184
594,91,9,IMAX,335
595,92,1,2D,209
596,92,2,2D,238
597,92,3,2D,192
598,92,4,2D,220
599,92,5,3D,217
600,92,6,4DX,210
601,92,7,2D,190
602,92,8,2D,192
603,92,9,3D,217
604,93,1,3D,177
605,93,2,2D,251
606,93,3,2D,195
607,93,4,2D,234
608,93,5,IMAX,293
609,94,1,4DX,189
610,94,2,2D,253
611,94,3,2D,199
612,94,4,3D,198
613,94,5,IMAX,369
614,94,6,IMAX,374
615,94,7,2D,215
616,94,8,2D,234
617,94,9,IMAX,286
618,95,1,3D,204
619,95,2,2D,214
620,95,3,3D,209
621,95,4,4DX,194
622,95,5,2D,198
623,96,1,2D,231
624,96,2,2D,183
625,96,3,2D,247
626,96,4,2D,233
627,96,5,2D,200
628,96,6,2D,221
629,96,7,3D,180
630,96,8,IMAX,319
631,96,9,2D,259
632,96,10,2D,190
633,97,1,2D,234
634,97,2,2D,236
635,97,3,2D,207
636,97,4,3D,184
637,97,5,2D,194
638,97,6,2D,255
639,97,7,2D,219
640,98,1,2D,230
641,98,2,4DX,157
642,98,3,2D,218
643,98,4,4DX,167
644,98,5,3D,207
645,98,6,2D,180
646,98,7,2D,235
647,98,8,2D,228
648,99,1,2D,209
649,99,2,2D,225
650,99,3,2D,185
651,99,4,2D,238
652,99,5,4DX,190
653,99,6,2D,253
654,100,1,2D,233
655,100,2,2D,231
656,100,3,2D,221
657,100,4,2D,259
